label,0,1,2,3,4,5,6,7,8,9,10,11,12,13,14,15,16,17,18,19,20,21,22,23,24,25,26,27,28,29,30,31,32,33,34,35,36,37,38,39,40,41
0,0.06025449559092522,0.3754227149486542,0.16319913610816003,0.3304079681634903,0.2342784683406353,0.21334893822669984,0.2560084612667561,0.0966425409913063,0.2659236930310726,0.0074595558643341065,0.18996676042675972,0.09652831584215164,0.2129570908844471,3.087520599365234e-07,0.19899651810526847,0.10283627837896347,0.18301271602511407,0.1493501091003418,0.1298168769478798,0.088787861764431,0.14905501022934914,0.0035476693511009216,0.1427980788052082,0.13011000335216522,0.13019233345985412,0.16172224938869476,0.06770501509308816,0.0963001936674118,0.08358305022120475,0.01305331826210022,0.08871562048792839,0.1404927745461464,0.08081327766180038,0.17792826890945435,0.0,0.11264871776103974,0.022641384452581407,0.046106234192848206,0.037678588181734085,0.1348767724633217,0.03330748990178108,0.17235288500785828
1,0.060959178432822225,0.6421756193041801,0.15704818926751613,0.5881421729922295,0.20543825350701808,0.4494446131587029,0.16323751650750637,0.34384259015321733,0.08630623549222946,0.33693029612302783,0.17452505461871623,0.3170097109675407,0.1888799510151148,0.18653929680585862,0.18971956811845303,0.10440590739250183,0.1847896169871092,0.03448161870241165,0.11647294066846371,0.30084002763032913,0.12937294118106366,0.16446075081825257,0.13697130389511586,0.07247094929218292,0.13827197201550007,0.0,0.061534035354852676,0.31223484307527544,0.06914331384003163,0.18233015328645708,0.08619111940264702,0.09773628234863281,0.09589164979755878,0.031511055529117586,0.00048819273710250856,0.3405236402153969,0.0010600550472736358,0.23197335869073868,0.009589401856064796,0.16100785434246062,0.018065997660160066,0.09749277651309968
10,0.0,0.4985961467027664,0.08618724256753922,0.41464455902576447,0.1290428841114044,0.31887978196144107,0.16526085913181304,0.25229345679283144,0.20316086441278458,0.2012582862377167,0.04655021667480469,0.20119955599308015,0.07856504231691361,0.11307120144367218,0.09195748269557953,0.05305768460035324,0.10054924637079239,0.0,0.02089732527732849,0.20272455215454102,0.12722853124141692,0.15642962455749512,0.18641406208276748,0.20353608191013337,0.21421046167612076,0.23927324652671814,0.007275398969650269,0.21772745013237,0.11832665592432022,0.20564212799072265,0.1118098732829094,0.28916625678539276,0.07937065482139588,0.324424968957901,0.009989937543869018,0.24213321447372438,0.10039643615484238,0.23852773547172545,0.09268289804458618,0.29441889107227326,0.05968955397605896,0.3144300389289856
11,0.0,0.4727985370159149,0.09089558675885201,0.4170194751024246,0.13707502111792563,0.35207911908626555,0.18860711440443992,0.3171602368354797,0.2399260075390339,0.30949570655822756,0.04781557098031044,0.19868083506822587,0.08339707002043724,0.11753188848495483,0.10487832561135292,0.057192351520061496,0.11877954587340354,0.0,0.030991548150777818,0.19750360548496246,0.13597257897257806,0.18672008961439132,0.1289441229403019,0.2716484934091568,0.08921422317624092,0.2920187646150589,0.025104899555444718,0.20675482332706452,0.12833547815680504,0.2050759381055832,0.11701977834105491,0.28703948378562927,0.07855660125613212,0.2920699268579483,0.029512095302343368,0.22186270356178284,0.11427015855908394,0.2292807549238205,0.10312365934252739,0.28770530223846436,0.06563375398516655,0.29501446068286896
12,0.03937592387199402,0.32184538573026655,0.12251166820526123,0.2880987152457237,0.17696725249290465,0.19682764321565627,0.1684575992822647,0.12259241729974747,0.1367463144659996,0.08110022693872451,0.1612582039833069,0.0976404756307602,0.197970911860466,0.027269946038722993,0.1838936060667038,0.09123208343982697,0.1624890923500061,0.14786121428012847,0.11180401802062988,0.07673415213823319,0.1433144387602806,6.905585527420044e-05,0.13169481337070466,0.09798777610063553,0.11749750912189484,0.16175716936588289,0.05857462406158447,0.06970651477575301,0.08262827634811401,0.0034526318311691286,0.0793472495675087,0.10811233311891556,0.06858682245016098,0.16733001828193664,0.0,0.07613047778606415,0.027883224785327912,0.030614655017852783,0.033573489487171176,0.10231642365455627,0.02744109719991684,0.14390426844358445
13,0.03772639125585556,0.3205998808145523,0.11613752782344818,0.2872575116157532,0.16147363156080247,0.1910182911157608,0.13058972388505935,0.10210442006587982,0.09387795716524124,0.0390025720000267,0.15309256047010422,0.11247804462909698,0.19176926612854003,0.04596797645092011,0.1744763332605362,0.11374031633138657,0.1511725029349327,0.16381443530321121,0.1038904383778572,0.09081234037876129,0.14016649514436721,0.0,0.13258724689483642,0.08649856507778168,0.11975360453128815,0.14008885264396667,0.051301555037498475,0.09018264144659043,0.07725606828927994,0.06919470250606537,0.07462909549474717,0.16508426606655122,0.06487605214118958,0.1943369710445404,0.0,0.10192125260829926,0.030386951863765718,0.09725024431943893,0.036551517248153684,0.16118241250514984,0.028389266431331633,0.1715286022424698
14,0.0,0.3152463760972023,0.08843271046876908,0.2895866081118584,0.13019571363925933,0.25758004158735276,0.17357030481100083,0.22861867636442185,0.19756720185279847,0.17058592945337295,0.06108807891607285,0.13433023184537887,0.11645175158977508,0.09269242733716965,0.1576678240299225,0.11719324558973312,0.17233631998300553,0.1511878165602684,0.05192212432622909,0.11024937897920609,0.11837865084409714,0.050041513442993166,0.16500558376312255,0.07944269835948944,0.18138032406568527,0.13301917642354966,0.04520676583051682,0.08880117267370224,0.10892448037862777,0.02049102246761322,0.1575074326992035,0.053880194127559664,0.17357758909463883,0.10465712279081345,0.0417969211935997,0.07700384736061096,0.0925765123963356,0.0,0.13776792109012603,0.009989682734012604,0.16619049549102782,0.04545434594154358
15,0.0002378128468990326,0.2855412250757217,0.07447085089981556,0.2728645807504654,0.13145201303064824,0.22754660487174988,0.1709783250838518,0.1898810398578644,0.21166101910173893,0.15239790678024293,0.10871360994875431,0.04835489064455032,0.1886504540592432,0.03638767838478088,0.2411274016648531,0.01807354301214218,0.28779084332287314,0.0,0.06939915262162685,0.025794908702373505,0.15593259193003178,0.09813254237174988,0.14980998076498508,0.1997295331954956,0.13407462097704412,0.26228918254375455,0.03483679883182049,0.04486903965473175,0.11427329950034619,0.14984411180019377,0.09625896833837032,0.23077959775924684,0.07406530268490315,0.2650643467903137,0.006019790396094322,0.08733352363109588,0.07259296424686909,0.16535836279392244,0.06413723729550838,0.21797411143779755,0.04409566573798657,0.23265124917030333
16,0.14261327534914017,0.19260143890976905,0.187886126935482,0.18298164620995522,0.19894149631261826,0.18502049580216406,0.17469053864479064,0.23234279707074165,0.15770164921879767,0.2805577073991299,0.13383222982287407,6.226599216461182e-05,0.08050173714756965,0.07126170471310615,0.03709602147340774,0.14211717501282692,0.0008509230613708497,0.1972082583606243,0.08770257756114005,0.022927601337432862,0.052410700023174286,0.13154596492648124,0.06376027494668961,0.17550597265362738,0.07119011268019676,0.19997175469994544,0.05819604098796845,0.06527288511395454,0.04776352852582932,0.17824624851346016,0.08314860388636588,0.20304289653897287,0.1080953960120678,0.2096509136259556,0.04135692670941353,0.11251205578446388,0.037943624779582026,0.1819253022968769,0.05829503610730171,0.20794913455843925,0.07468010783195496,0.21582943126559256
17,0.10097948417067527,0.5707933813333511,0.1613067691028118,0.5056470823287964,0.17072807088494302,0.38039701342582705,0.13311283841729163,0.2868652904033661,0.07568429842591286,0.24597439885139466,0.13874784395098685,0.28060980439186095,0.13223992452025413,0.15923614501953126,0.12149306610226632,0.086762954890728,0.1088962908089161,0.022802505791187287,0.09377922043204308,0.28344372391700745,0.0989536391198635,0.15483953297138214,0.10416528031229973,0.06949116617441177,0.1023577319085598,0.0,0.04716304585337639,0.3120339274406433,0.04781593158841133,0.23061550438404083,0.07943602561950684,0.3008062505722046,0.09493777468800545,0.36528144776821136,0.0,0.35367917239665986,0.007164429575204849,0.27568975508213045,0.03969490349292755,0.31591614842414856,0.05856412649154663,0.3678095316886902
18,0.06803081281483174,0.29714140117168425,0.13807915680110455,0.2398097562789917,0.1782051035016775,0.1381021970510483,0.15727444879710675,0.04161478638648987,0.10444249860942363,0.00035321474075317383,0.14250342153012752,0.07864719569683075,0.16819660000503064,0.01661530911922455,0.16463215850293636,0.08657263457775116,0.14906578473746776,0.10619144380092621,0.09638832069933415,0.07502615988254548,0.11613971062004566,0.0036156797409057618,0.12177919842302799,0.09930564880371094,0.10728875480592251,0.11759762823581696,0.05115262962877751,0.08574358820915222,0.07099225543439389,0.024265782833099367,0.08641917027533054,0.12585621297359467,0.07155266486108303,0.14984683573246002,0.0,0.10373925507068633,0.030318938866257666,0.06561708569526672,0.04832669101655483,0.1311045652627945,0.03565067283809185,0.14781346559524536
19,0.10866626277565956,0.433563232421875,0.17172872245311738,0.3027753889560699,0.1815922337770462,0.17402430653572082,0.17833923697471618,0.08208777964115142,0.17827261477708817,0.0010824787616729736,0.06425440534949303,0.08583666771650314,0.15954643309116365,0.032494520545005796,0.22271625995635985,0.048091494143009186,0.27140008717775344,0.06918619722127914,0.027894086241722106,0.10618298709392547,0.15113258719444275,0.08347644776105881,0.16673404783010481,0.18310843408107758,0.1560974398255348,0.24532792031764983,0.007835425436496735,0.1438753843307495,0.13491648375988008,0.12996897995471954,0.14358365386724473,0.22463649034500122,0.12699329286813735,0.2741425031423569,1.0191649198532105e-05,0.1913451337814331,0.10026906564831733,0.17189414143562318,0.11263650178909301,0.2349800330400467,0.09504186421632767,0.26835583984851835
20,0.08593676835298539,0.6028800711035729,0.1497687092423439,0.545173125565052,0.16190732449293135,0.42363599985837935,0.1162703986465931,0.3379317036271095,0.057747944593429565,0.28466461569070817,0.15887460261583328,0.3029300090670586,0.1662736478447914,0.1714599135518074,0.1634621214866638,0.08955762147903443,0.15694544941186905,0.02036156564950943,0.10623066425323487,0.30193707793951036,0.11170008316636086,0.1654571607708931,0.11799042493104935,0.07463004320859909,0.11765330657362938,0.0,0.05331025704741478,0.33149516850709915,0.04749076515436172,0.26028195351362227,0.07088027894496918,0.3446953818202019,0.07922403872013092,0.4049218782782555,0.0,0.37585751444101334,0.006247221007943154,0.3020789560675621,0.0310706128180027,0.359571593105793,0.04039889380335808,0.4117081466317177
21,0.0906362247467041,0.616127498447895,0.15524043127894402,0.5732384386658669,0.172784506380558,0.47385639041662214,0.1251288740336895,0.39236248165369036,0.07097824081778527,0.3321499755978584,0.18940834909677506,0.3205408677458763,0.23197001606225967,0.19660373538732528,0.2554051843285561,0.11590089201927185,0.2730580258369446,0.048997066020965575,0.12563283532857894,0.3117151775956154,0.12003327906131744,0.17261004596948623,0.11494086757302284,0.08140345484018326,0.10988286003470421,0.0,0.06823800340294837,0.3410223314166069,0.0452689678221941,0.2917614206671715,0.06095243163406849,0.38093776136636737,0.07346897080540657,0.4348315438628197,0.015653821676969527,0.3907163342833519,0.0,0.3407923272252083,0.016913576051592827,0.4049910059571266,0.03109199307858944,0.4478048124909401
22,0.0880214436352253,0.6208373498916626,0.14176593378186225,0.5844553768634796,0.15321692630648612,0.5071473389863967,0.07977918758988381,0.46854279458522796,0.009719776660203934,0.4504426670074463,0.15557036086916923,0.3179337614774704,0.19397085919976234,0.18975277483463288,0.21237036749720573,0.10954367816448211,0.22546123698353768,0.03659733295440674,0.09601331934332848,0.30315205931663514,0.10108600318431854,0.1630856165289879,0.10233862653374672,0.07547159165143967,0.10643372416496277,0.0,0.046385540515184405,0.32965923368930816,0.020147745013237,0.2125460597872734,0.011031473129987717,0.12775340259075166,0.007487151175737381,0.045736777484416964,0.006933753788471222,0.39105847477912903,0.0002231140434741974,0.36712004482746124,0.014452779442071914,0.42032299518585203,0.02934760317206383,0.4705422687530518
23,0.0,0.4700368022918701,0.10645059287548066,0.3947483491897583,0.1495112305879593,0.3077379804849625,0.1903835242986679,0.24736716449260712,0.20082210928201674,0.2231016117334366,0.036273184418678286,0.13991059780120849,0.07457050830125808,0.017575433552265166,0.13319323748350143,0.0,0.17957387268543243,0.0211794176697731,0.019141061455011366,0.15016263782978057,0.15427170038223267,0.1302042156457901,0.16278092533349992,0.216647190451622,0.13407710790634156,0.2461198538541794,0.026534972339868547,0.18649491369724275,0.16095838725566863,0.19843446016311644,0.1539383575320244,0.2737878841161728,0.12008792370557785,0.2926603496074677,0.05053761899471283,0.22881536185741425,0.15450258672237396,0.2587442022562027,0.14297571122646333,0.3156735020875931,0.1098988664150238,0.3297132164239883
24,0.17125535309314727,0.34694197177886965,0.11388153076171875,0.24043102979660033,0.07311305239796638,0.1378370475769043,0.04793732777237892,0.04540322452783584,0.0,0.0,0.14853324353694916,0.052150093615055085,0.2237230621278286,0.030679038763046264,0.22441225960850716,0.08758196771144867,0.20259108975529672,0.12697922825813293,0.20239365383982658,0.07715210109949112,0.27589714840054513,0.06530325382947921,0.2665409855544567,0.12121753334999084,0.24199081614613532,0.15419943809509276,0.2537702177464962,0.12084124207496644,0.3159780664741993,0.10387402832508087,0.3036684320867062,0.15581259429454802,0.27805098608136175,0.1852912163734436,0.3025355778634548,0.17690475463867186,0.36258076384663585,0.09731375098228455,0.395751635581255,0.0644637542963028,0.419066471606493,0.02959689736366272
25,0.021867184415459633,0.30586555510759356,0.09133246265351773,0.2889622363448143,0.14073477171361445,0.2781116160750389,0.17739027865231038,0.2898883745074272,0.17236237101256846,0.3025334915518761,0.14387727253139018,0.06917656689882279,0.21804977335035802,0.04805290937423706,0.27855648793280124,0.02628873974084854,0.324209957793355,0.0,0.08166664399206638,0.0575990304350853,0.17864602155983447,0.13609712868928908,0.17902410127222537,0.2282743313908577,0.15729808129370212,0.2606926754117012,0.034247229099273684,0.10682319194078445,0.12794207356870174,0.20102334171533584,0.13328177861869336,0.2731032732129097,0.10618996895849704,0.28286137551069257,0.0,0.17621935099363328,0.08400090880692006,0.27082529515028,0.10050188980996609,0.31662027031183243,0.08406420029699803,0.31677659422159193
26,0.07919357232749462,0.5799767199158669,0.14697257064282895,0.522774101793766,0.18598065294325353,0.3934051665663719,0.1742000352591276,0.2746687665581703,0.11137270234525204,0.24168955892324448,0.1531203616410494,0.2661247703433037,0.17257318787276746,0.14185520976781846,0.18119269855320452,0.06498855769634247,0.1832169509679079,0.0,0.10125543661415577,0.2684637495875359,0.10635743595659733,0.16242242008447647,0.12692513175308703,0.2443718609213829,0.13480122812092304,0.31169629603624344,0.05164473496377468,0.29097607046365737,0.056030960902571675,0.19249896913766862,0.09100532226264477,0.2829368367791176,0.10383393011987209,0.3631235912442207,0.0,0.33031724601984025,0.01732421137392521,0.25082142621278763,0.05336309999227524,0.30761739522218706,0.06973327718675136,0.3736708453297615
27,0.08833864852786064,0.6679136845469474,0.15425503760576248,0.6346165063977242,0.1871209618449211,0.5388616958260536,0.15010093539953231,0.4717516627907753,0.1014641498029232,0.4187800452113152,0.1942913857102394,0.3599878802895546,0.24658183693885805,0.22746720999479295,0.2820685592293739,0.14414430797100067,0.3022859674692154,0.07183888971805573,0.12282148256897926,0.3439606449007988,0.11536077857017517,0.20023447334766387,0.11189634218811989,0.09216896623373032,0.10190698266029358,0.0,0.05657282009720802,0.3666201028227806,0.07120354861021042,0.4199214467406273,0.09760640263557434,0.5233827498555184,0.11178835317492485,0.5835851010680199,0.0,0.4093780890107155,0.02976316437125206,0.4652492234110832,0.05985829815268517,0.5505640593171119,0.07915531530976296,0.601262346804142
28,0.14376829341053962,0.7087333035469056,0.20843025624752046,0.6731328016519547,0.23349931269884108,0.5901463568210602,0.16459002912044526,0.5602797931432724,0.08748400762677193,0.5333920961618424,0.2374451005458832,0.3720401930809021,0.28545376658439636,0.2396066117286682,0.3100375184416771,0.15744685024023056,0.3264635279774666,0.08173484474420548,0.16071038842201232,0.3526244080066681,0.15554198116064072,0.19187086164951325,0.1518717385828495,0.08831524550914764,0.14752995505928992,0.0,0.09812081888318062,0.3899931287765503,0.04959790855646133,0.2609849905967712,0.022816089540719987,0.16686742573976518,0.0,0.07701000928878785,0.049902748763561246,0.46642533302307126,0.0658673731982708,0.4790255242586136,0.09254879787564278,0.547784628868103,0.1119535394012928,0.5961064475774766
29,0.2559024766087532,0.6986870768666268,0.33444842249155043,0.6640002146363259,0.4005887311697006,0.6243894377350807,0.4211235535144806,0.5909130755066871,0.3903826880455017,0.5827924278378487,0.3566381534934044,0.35897086292505265,0.3915733253955841,0.22148182600736618,0.40616693496704104,0.13051391690969466,0.4115970605611801,0.054781330823898314,0.2767962998151779,0.3414609980583191,0.27341814279556276,0.1857461154460907,0.2682266217470169,0.08205017745494843,0.2621573200821877,0.0,0.20585122346878051,0.3711879345774651,0.1796637310087681,0.22554713368415832,0.1710759222507477,0.13110223323106765,0.16720212683081626,0.05182428747415543,0.14320462331175804,0.4384541103243828,0.07969737738370895,0.3501112040877342,0.03317303329706192,0.28966879338026047,0.0,0.23120722830295562
3,0.0,0.3975975891947746,0.0957012091577053,0.3818794110417366,0.1701838867366314,0.3364997693896294,0.22682155087590217,0.2995645436644554,0.26806345537304876,0.23845003575086593,0.14019615367054938,0.16506290316581726,0.18354594126343726,0.0791821226477623,0.21791346713900567,0.038349009454250335,0.25300152257084846,0.006441560089588166,0.11442411378026009,0.1444890519976616,0.15757411494851112,0.046595466434955594,0.20243193641304968,0.011798122823238373,0.2476034878194332,0.0017748036980628967,0.08101946994662285,0.13517762064933778,0.12375870525836945,0.03340761661529541,0.17032985880970955,0.0034962761402130126,0.21416295811533928,0.00036399483680725096,0.044511143565177914,0.13824505865573883,0.0866718389093876,0.058620499670505526,0.12998595252633094,0.026607494950294495,0.17325747296214103,0.015111322104930878
30,0.27233789682388304,0.6975467547774314,0.3683083048462868,0.6494313463568687,0.44731502830982206,0.5727821490168572,0.5147131434082985,0.5140369901061058,0.5862944468855857,0.483311685025692,0.35497064113616944,0.3508757182955742,0.38541195511817933,0.21370315849781035,0.3964203554391861,0.12487288743257523,0.3991579779982567,0.049957084953784946,0.2793540307879448,0.33972509562969205,0.26775233119726183,0.18619492441415786,0.2579287964105606,0.08315481543540955,0.2449689042568207,0.0,0.2118501165509224,0.3735851040482521,0.1809359124302864,0.23049158573150635,0.16859340488910676,0.1352877849340439,0.15790085807442666,0.053626590073108674,0.15516315773129463,0.4418897661566734,0.08498691499233246,0.3565982922911644,0.037617638409137726,0.29753841072320936,0.0,0.23642463445663453
31,0.08161394655704499,0.45806005984544756,0.16399571418762207,0.4110363081097603,0.22954751193523407,0.3273331496119499,0.2645942249894142,0.2575041130185127,0.29868643552064894,0.22560581117868422,0.1599672743678093,0.21289872616529465,0.17851576894521715,0.14558810919523238,0.167862848341465,0.22861257523298265,0.15740036576986313,0.296276772916317,0.10417818501591683,0.21129364639520645,0.12170246899127961,0.13712652385234833,0.1251795756816864,0.23796433597803116,0.1248166036605835,0.3120881304144859,0.051266134679317475,0.21419672280550003,0.06180796802043915,0.14613787680864335,0.08455589950084687,0.238874149620533,0.0987171956896782,0.31061178833246234,0.0,0.22333528012037276,0.0019443610310554504,0.125161769092083,0.010636545121669769,0.0638636353611946,0.01853970021009445,0.0
32,0.10784935593605041,0.65031054854393,0.18078485161066055,0.6023436295986175,0.20668522924184798,0.4740191686153412,0.15792707711458207,0.38152912497520447,0.09722907394170761,0.3310649609565735,0.20748885542154313,0.3147887754440308,0.2403428128361702,0.18399206101894378,0.2556529286503792,0.10116451382637023,0.26099082559347153,0.03738391935825348,0.14769648104906083,0.30606497049331666,0.1529431876540184,0.16603133261203765,0.16306544810533524,0.06970621168613433,0.1634673658013344,0.0,0.09187726348638535,0.32699137449264526,0.08138127863407135,0.24920317828655242,0.0991276541352272,0.32687133193016055,0.10632487326860428,0.38691540479660036,0.03684527784585953,0.3569468557834625,0.017057193219661714,0.2542459523677826,0.008420506417751312,0.18757280170917512,0.0,0.11476739764213562
33,0.13689310252666473,0.6151195606589317,0.20885468497872353,0.564870436489582,0.2478831948339939,0.4489236840605736,0.229612308293581,0.3559873101115227,0.17089491352438926,0.31102757781744006,0.22999566689133644,0.30256730526685716,0.2584409289062023,0.17586394608020783,0.2777454476058483,0.09093027293682099,0.28236059442162514,0.021082052290439607,0.16894894763827323,0.2938477471470833,0.1689500816166401,0.19507390052080154,0.1816205732524395,0.254943513572216,0.19049948081374168,0.3193572190403938,0.10879550948739052,0.3007637783885002,0.09734057188034058,0.17331462651491164,0.1005228853225708,0.08079903692007065,0.09947623729705811,0.0,0.052674239426851274,0.3312508907914162,0.02685380935668945,0.2283012729883194,0.013831702172756194,0.16175026446580887,0.0,0.09656136840581894
34,0.16626031711697578,0.6367798855900765,0.23336118936538697,0.5860978022217751,0.2848799005150795,0.4924214407801628,0.2967406743764877,0.4079205301403999,0.25127340853214264,0.3632807919383049,0.24879593878984452,0.33615330666303633,0.27263464868068693,0.2589487373828888,0.27260138511657717,0.28139371424913406,0.26035447537899015,0.3244504895806313,0.19025217831134797,0.3076923015713692,0.18912336796522142,0.16445365965366363,0.18025800913572312,0.07929757624864578,0.16808307111263276,0.0,0.13641677141189576,0.3177870574593544,0.1176599583029747,0.1863270255923271,0.10441336080431939,0.10596976697444915,0.09336522474884987,0.03350588828325272,0.08505751147866249,0.3601586750149727,0.04802439004182815,0.2654936107993126,0.02146894633769989,0.20092658460140228,0.0,0.13843293935060502
35,0.0750049115717411,0.5157130807638168,0.1521790350973606,0.3410179388523102,0.15804754689335823,0.19382341980934142,0.15388150736689568,0.09185414344072342,0.15315135970711707,0.0,0.031502985060215,0.11370788514614105,0.13970607921481132,0.06642350256443023,0.15975580081343652,0.14719383358955385,0.14434557005763055,0.1787990164756775,0.004153390079736709,0.1657709890604019,0.14330720886588097,0.14197537660598755,0.1576657547056675,0.22683877050876616,0.1347409577667713,0.2538479900360107,0.0,0.23300933241844177,0.1424367205798626,0.22551955103874208,0.14946791425347328,0.2963017028570175,0.11866074874997139,0.31679615020751956,0.013338066041469573,0.3031220906972885,0.129173976033926,0.30173736333847045,0.1377312071621418,0.3503842669725418,0.10877221331000328,0.3633767503499985
36,0.16677979096770287,0.6897011211514473,0.26524361833930016,0.6166886022686958,0.33239676132798196,0.5017651978135109,0.37356157884001734,0.39964564234018324,0.41284108445048334,0.3226282849907875,0.24385146901011467,0.324840889275074,0.2545850150287151,0.18482871145009994,0.25469859018921853,0.10061836987733841,0.25198478177189826,0.026751862764358522,0.17894584834575653,0.3188860723376274,0.18015120804309845,0.17123650521039963,0.17972524866461753,0.07809444844722747,0.1778595720231533,0.0,0.11849186077713966,0.3451218256354332,0.10846220239996911,0.2067547097802162,0.11090810000896453,0.12244890213012695,0.11511866554617882,0.04856816411018371,0.060891659259796144,0.3961964854598045,0.030289968848228453,0.2928079488873482,0.012112900465726852,0.2206805405020714,0.0,0.1488911834359169
37,0.059314348250627515,0.5529760670661926,0.15218787178397178,0.534032956957817,0.23249918028712271,0.44991849720478055,0.28921845033764837,0.3787813168764114,0.34136437729001046,0.3420118451118469,0.17323451474308968,0.27867656588554385,0.19838019832968712,0.1558334493637085,0.21208040937781333,0.07152574270963669,0.2212322036921978,0.0,0.11155500516295433,0.27839525163173673,0.11637561336159706,0.2040790754556656,0.1239359201490879,0.3063381016254425,0.12890724405646325,0.3923825657367706,0.05616418853402138,0.2877914863824844,0.0541637758910656,0.23187796533107757,0.07301654323935508,0.3319197607040405,0.08776645004749298,0.4036964601278305,0.004210194051265717,0.2983141106367111,0.0006032350659370422,0.1905611711740494,0.00042949289083480833,0.12811096966266633,0.0035982218384742735,0.05657142341136932
38,0.06402855932712555,0.701432326734066,0.14826893746852876,0.6790283021330833,0.1892698273062706,0.6114851185679435,0.1448316141963005,0.5562612214684486,0.07686057597398759,0.5206911250948906,0.1952139177918434,0.3903084746003151,0.2490346238017082,0.25611887246370313,0.27910610407590863,0.1785843214392662,0.29982118636369703,0.10027716189622879,0.12563164442777633,0.3635427221655846,0.132984559237957,0.20527903437614442,0.13387253433465957,0.09653595715761185,0.13042308181524276,0.0,0.06404268175363541,0.3829756072163582,0.05114141345024109,0.2878671905398369,0.05607863277196884,0.40094819575548174,0.06009871959686279,0.4808958956599236,0.004886342287063599,0.43519451946020127,0.0,0.3663168939948082,0.011862120032310486,0.44006748527288436,0.023819743692874908,0.5042437162995338
39,0.11239951193332672,0.6365013492107391,0.2046405565738678,0.5787235969305038,0.2649418658018112,0.4677117145061493,0.3000528180599213,0.3652386128902435,0.3370330411195755,0.2909708094596863,0.20051472157239913,0.30414018511772156,0.22482314676046372,0.17945223361253737,0.23264875620603562,0.10491062998771668,0.23530466556549073,0.040204332768917085,0.14032060861587525,0.29145259737968443,0.1487373524904251,0.1559271675348282,0.1535673239827156,0.07023986250162124,0.1557348322868347,0.0,0.08439465641975402,0.30891390800476076,0.08145136505365372,0.18092152535915373,0.08837720453739166,0.10460400879383087,0.09655320018529892,0.03800724864006042,0.029607784897089005,0.3501987570524216,0.013222250789403915,0.2492284882068634,0.0039620563387870785,0.1802317276597023,0.0,0.11198642253875732
4,0.0424679596722126,0.5397698360681534,0.12310946077108383,0.48284025251865387,0.17715629130601884,0.37031792938709257,0.2057567483186722,0.2627875220775604,0.1924155730009079,0.17668611526489258,0.14476435393095016,0.2462740558385849,0.17462184071540832,0.13409380555152894,0.189171901345253,0.06362452864646911,0.19522722959518432,0.0,0.1009749099612236,0.23626234114170075,0.11052870482206345,0.11076145350933075,0.14115541473031043,0.13357909858226777,0.15485490888357162,0.18477649629116058,0.053101221472024916,0.24397262334823608,0.06176114127039909,0.11617155462503433,0.10386069402098656,0.15282760560512543,0.12233333498239517,0.22152077794075012,0.0,0.26516637921333314,0.020996231585741043,0.16982141733169556,0.05742890179157257,0.18423923313617707,0.07974438413977623,0.23257355272769928
40,0.06605834990739823,0.628652566075325,0.14422140628099442,0.590207507610321,0.2054460707306862,0.5084570199251175,0.19629837512969972,0.43088235199451447,0.14471380889415741,0.391197252869606,0.1919593957066536,0.30808936297893524,0.21566911816596984,0.16768283188343047,0.23411187201738357,0.07184721559286117,0.2391382050514221,0.0,0.12277394592761993,0.3048212707042694,0.13153101444244386,0.23943172931671142,0.12374973803758621,0.36963850557804107,0.11876357048749923,0.43160490214824676,0.06514079213142394,0.31371303856372834,0.06453413605690002,0.24849531710147857,0.0803517073392868,0.3600611060857773,0.08396952390670777,0.42561093509197234,0.008415138721466065,0.32905879318714143,0.0,0.20979819059371949,0.004616797566413879,0.14917967736721038,0.009110453128814698,0.07428789645433426
41,0.0,0.4093650311231613,0.02789000228047371,0.283837583065033,0.08717095255851745,0.16738423824310303,0.1329217655956745,0.07994561463594436,0.1305520172417164,0.0,0.16612646460533143,0.17544161140918732,0.23953142613172532,0.24455351054668426,0.20360664635896683,0.27322787761688233,0.16892781093716622,0.2610790324211121,0.17476641833782197,0.2557144677639008,0.2411419540643692,0.31576608419418334,0.20472678661346436,0.33788875102996824,0.17189762502908706,0.32656594276428225,0.1755911898612976,0.3431944966316223,0.23606111317873002,0.3833798378705978,0.20346703201532365,0.4006191557645798,0.16987977534532547,0.3902187716960907,0.17499341130256651,0.42962279736995695,0.2607627612352371,0.421012636423111,0.30623672366142274,0.4259867864847183,0.343798850774765,0.4244039440155029
42,0.0,0.3820893442630768,0.03567785546183586,0.25423854470252993,0.09883928388357162,0.15462145775556566,0.15190353348851204,0.07786429077386856,0.1636274264752865,0.0,0.20035830453038217,0.19150340497493745,0.2495656456053257,0.2639177572727203,0.21788733914494515,0.2900117367506027,0.18375938013195992,0.27905591189861295,0.20652530029416083,0.2784783750772476,0.25228854492306707,0.3422248786687851,0.21612884119153022,0.3576009804010391,0.17803734466433524,0.3462287837266922,0.19821903213858605,0.3683189588785172,0.24059614285826683,0.41615543365478513,0.20651989296078682,0.42495187520980837,0.16839816585183143,0.4130147522687912,0.1814016430079937,0.45134991824626924,0.21684824094176292,0.48128616690635684,0.18289847865700723,0.48010750651359557,0.15032827660441397,0.4653634291887283
43,0.0,0.11535407543182373,0.03151231408119202,0.20138045251369477,0.08571606457233429,0.2788567239046097,0.13282860696315765,0.3467449378967285,0.15471423774957657,0.4092026376724243,0.1710567444562912,0.20484126538038253,0.18810148119926454,0.18675513714551925,0.13144250750541686,0.1900937506556511,0.13534124046564103,0.20720177114009858,0.16483527451753616,0.13836427330970763,0.18703141063451767,0.12320827215909957,0.11859613746404647,0.13693603932857512,0.1306225898861885,0.153985852599144,0.15820708125829697,0.0759365576505661,0.18249742925167084,0.05975840449333191,0.12132585674524307,0.07648017764091491,0.13098373770713806,0.09844366490840911,0.15117274105548859,0.01601718455553055,0.16763848066329956,0.0,0.1276446235179901,0.019368415772914885,0.12149798721075059,0.03730912804603577
44,0.12199273616075516,0.41563320726156233,0.05264396727085113,0.3231456056237221,0.016637031435966492,0.20717934042215347,0.00642513781785965,0.10135503321886062,3.782317042350769e-05,0.006358065605163574,0.03153509899973869,0.3027161732316017,0.016877204030752182,0.19861115425825118,0.023105459958314895,0.09813445895910262,0.03337407886981964,0.012291472852230072,0.09909958958625793,0.3363576975464821,0.11347611486911774,0.21319853872060776,0.13299376755952835,0.09615069180727005,0.15054770261049272,0.0011618894338607788,0.16672622740268708,0.3420902821421623,0.1833192774653435,0.22706085234880446,0.1979337951540947,0.11116944760084152,0.2061225488781929,0.016991115510463714,0.22742197662591934,0.3308103081583977,0.2435217860341072,0.218629050552845,0.24839281052350998,0.13098423212766647,0.24875365495681762,0.05121337443590164
45,0.0,0.18626720428466798,0.07842262864112853,0.23267045497894287,0.1545672570168972,0.2563352006673813,0.21040531143546104,0.30596174895763395,0.2561164493858814,0.36266799151897433,0.17880655214190483,0.10573671102523803,0.26562770679593084,0.056983422040939334,0.3044825319945812,0.08677926987409591,0.3322882764041424,0.15097551047801971,0.13865665838122368,0.08028834700584411,0.21712581619620322,0.0010792550444602967,0.24870324924588202,0.04858230352401734,0.2708108915388584,0.12340773820877075,0.0788282136619091,0.07842168897390366,0.1236403177678585,0.0020923924446105955,0.16339719250798226,0.036651753187179566,0.1932487104833126,0.09324247270822525,0.010905155837535858,0.09672415167093278,0.009590004533529282,0.06699871391057968,0.02458254486322403,0.09432083785533905,0.03971856340765953,0.13690854966640473
46,0.0728831547498703,0.6218143048882484,0.14335507422685623,0.55586529225111,0.17384954273700715,0.4437581732869148,0.14735174804925918,0.3639344111084938,0.10784702867269516,0.3088236638903618,0.1379164907336235,0.2966897138953209,0.1371571645140648,0.1737612783908844,0.1290086343884468,0.0960704556107521,0.1181329271197319,0.026707269549369812,0.08936354249715805,0.2979424348473549,0.09634945899248124,0.15938880115747453,0.10580666214227677,0.0694048348069191,0.11002256035804749,0.0,0.04241451114416123,0.3262892773747444,0.06136863112449646,0.2460769447684288,0.08814103782176971,0.3344389346241951,0.09807985424995422,0.40590563148260117,0.0,0.37244887560606005,0.029292940199375152,0.30529290705919265,0.05787343233823776,0.3667232844233513,0.06971718847751618,0.4265800115466118
47,0.06421064391732216,0.2715634241700172,0.1640138928592205,0.287467837035656,0.23417500898241997,0.2902896669507027,0.22525622203946113,0.30835977524518965,0.15198765948414802,0.32134793609380724,0.2372234918177128,0.014235647022724151,0.24660335317254067,0.16372292786836623,0.2340954478085041,0.2376464393734932,0.2197082059085369,0.21691902071237565,0.14662517383694648,0.0,0.16008183613419533,0.20744982331991196,0.16022145196795465,0.2755932047963142,0.15903462514281272,0.23817179054021836,0.06593547865748406,0.03278960943222046,0.08495561435818672,0.23458543449640273,0.09538549825549125,0.2937645688652992,0.09989947810769081,0.25687954396009444,0.0,0.08445392310619354,0.02237903878092766,0.2442851921916008,0.03998527392745018,0.2872795626521111,0.04645038738846779,0.2608166620135307
48,0.06805995881557464,0.4404501736164093,0.009102842807769775,0.34048229694366455,0.007345041632652283,0.23954653203487397,0.04545535445213318,0.15366607904434204,0.08724783629179,0.09182169079780579,0.0,0.28989587545394896,0.054269396364688874,0.13319697737693786,0.08854019463062286,0.061379647850990295,0.11470816880464554,0.02252404123544693,0.06581067562103271,0.3273495817184448,0.10796448528766632,0.1402233737707138,0.13212519764900207,0.05119509220123291,0.1459786441922188,0.00011346518993377686,0.12882906883955003,0.33932934641838075,0.1649132663011551,0.15621955573558807,0.17045897006988525,0.06578084230422973,0.16797279983758925,0.009749764204025268,0.17822084158658982,0.3341457384824753,0.17096792936325073,0.2009461861848831,0.14257637321949004,0.15682026386260986,0.11849844694137573,0.13472313225269317
49,0.05492702960968018,0.41309077173471453,0.020090909749269484,0.2912818118929863,0.05175690799951553,0.15674104243516923,0.12180777192115784,0.06297986447811127,0.1715258154273033,0.0,0.0,0.23210296899080277,0.09708243697881698,0.11923917055130005,0.1553388249874115,0.06883624255657196,0.20435581713914872,0.033176353871822356,0.05433196008205414,0.30932986706495286,0.15998619824647903,0.14504660040140152,0.14003483831882477,0.15220185607671738,0.10510110467672348,0.18594885259866714,0.11059326380491256,0.358850214779377,0.2006821283698082,0.18878742486238478,0.16959455490112305,0.19665938645601272,0.13581492453813554,0.22756113678216935,0.1634495225548744,0.3897091695666313,0.22311447501182557,0.25343848794698715,0.19270747572183608,0.24459668070077897,0.1621241280436516,0.2613572147488594
5,0.00048742219805717466,0.34964908599853517,0.09623207479715347,0.3263640159368515,0.17125644147396088,0.26863698244094847,0.17631461948156357,0.1700258445739746,0.11381263852119446,0.1465023386478424,0.14230232417583466,0.14276677906513213,0.1728409194946289,0.054123769104480746,0.16194133669137956,0.09795719981193543,0.14395152986049653,0.14510803192853927,0.09785335779190063,0.11400292485952378,0.1239563661813736,0.022237362563610075,0.11500870764255523,0.09368328094482421,0.10162526339292527,0.1485743498802185,0.05376735508441925,0.1009485074877739,0.07302553474903106,0.0,0.0753990963101387,0.07196294814348221,0.06309246838092804,0.13625468254089357,0.00137256920337677,0.10091854453086853,0.0218964521586895,0.015053781270980835,0.03564868301153183,0.061089936494827274,0.033157176077365874,0.11682118535041809
50,0.0,0.3481320258975029,0.034841731786727906,0.23503136605024338,0.09635974958539009,0.15474346309900283,0.14910702183842658,0.07877816587686538,0.16122902795672417,0.0,0.17982941672205924,0.19041132539510727,0.29983084455132486,0.1985350152850151,0.3700920782983303,0.21047889739274978,0.42305687323212626,0.223863425552845,0.19294146791100503,0.2709148958325386,0.25964763060212137,0.31642772644758227,0.21599475041031838,0.3217789223790169,0.1683354316651821,0.3102738025784493,0.18237520292401313,0.3557348039746284,0.2264987362921238,0.3864105197787285,0.1901572684943676,0.38676057070493697,0.14742184117436408,0.3741958990693092,0.1673656615614891,0.42591852217912674,0.19473954781889916,0.44401803344488144,0.15787438482046126,0.4376582130789757,0.12305370822548867,0.41989434868097303
51,0.33603563845157625,0.2145747497677803,0.3088898926973343,0.14649932622909545,0.26564816772937777,0.09938854336738587,0.2297551554441452,0.04968572914600372,0.21849235385656357,0.0,0.18599237024784088,0.1277959018945694,0.09868331551551819,0.13274717330932617,0.042555421590805054,0.1393297928571701,0.0,0.1432356896996498,0.18114778101444245,0.17671748399734497,0.15384381353855134,0.23751792222261428,0.18693818271160126,0.24394153207540512,0.21351032048463822,0.22486622780561447,0.18965372025966645,0.2369760975241661,0.1727961477637291,0.28661029011011124,0.2020830687880516,0.2893029120564461,0.22824746161699294,0.26931189984083176,0.20055400371551513,0.2918800237774849,0.19144195109605788,0.33057648211717605,0.2226570266485214,0.3276501008868217,0.2429927670955658,0.30905082672834394
52,0.012059526890516281,0.005146248638629914,0.10673580467700958,4.989504814147949e-06,0.18118320345878602,0.0319698391854763,0.2589657592773438,0.039666488319635394,0.3185337108373642,0.018620319366455078,0.16471406698226929,0.17782853707671165,0.19576191127300263,0.3279478006064892,0.21176593422889708,0.4180448465049267,0.21925747036933899,0.4883136181533337,0.10722467124462128,0.22558042719960214,0.13121232897043228,0.2917634092271328,0.129686698615551,0.239895052164793,0.11515210956335067,0.1874035580456257,0.04842652827501297,0.2364225374162197,0.07844240456819535,0.28032005235552787,0.07210744231939316,0.24197896972298621,0.05446362197399139,0.19678450986742974,0.0,0.23812414452433586,0.028178851157426833,0.2764151911437511,0.025180518180131912,0.23705995813012123,0.011750808358192444,0.1992958514392376
53,0.08197773799300194,0.22673693776130677,0.15571630105376244,0.23767104625701904,0.21581657811999322,0.22628581166267395,0.22414834752678872,0.2713759922981262,0.20215598359704018,0.33013969898223877,0.18788508281111718,0.028183631896972657,0.2017788077890873,0.0014160764217376709,0.1921918611228466,0.007893421649932862,0.1755440564453602,0.016496180295944213,0.11146821334958076,0.002868793606758118,0.1261831347644329,0.1442284208536148,0.15160785660147666,0.24231910824775696,0.17071313694119453,0.28069281101226806,0.04579177066683769,0.03362533688545227,0.07404634714126587,0.18749764919281006,0.10483595058321953,0.26877757370471955,0.1260610820353031,0.2914731764793396,0.0,0.08883981883525849,0.03235999688506126,0.21454447984695435,0.056748458445072175,0.28029079020023345,0.07313048765063286,0.29798667728900907
54,0.0,0.46266873568296435,0.08158211439847946,0.4140890929102898,0.12436010479927063,0.38024478167295456,0.1745126238465309,0.35435374349355697,0.20563108086586,0.30356754213571546,0.07527167111635208,0.24875968247652053,0.1415336573123932,0.21559348791837693,0.16775676995515823,0.2612101033329964,0.17256104230880737,0.31053086012601855,0.06517847836017608,0.2274249604344368,0.1336727738380432,0.1485164311528206,0.18262428909540177,0.10882034450769425,0.21949414759874344,0.07784656673669815,0.0467783784866333,0.22394141644239426,0.09850639551877975,0.12037404477596284,0.1338103723526001,0.05393625915050507,0.16042807847261428,0.0,0.025627728402614593,0.23556339889764785,0.05063346683979034,0.14759204179048538,0.06253545373678207,0.08586626619100571,0.07359524130821228,0.031959706842899324
57,0.23702837899327278,0.3081170693039894,0.21276244148612022,0.2235629614442587,0.1634520534425974,0.1733751129359007,0.1211070716381073,0.16026350297033787,0.09093228355050087,0.1807875782251358,0.13254792615771294,0.1349245123565197,0.06779871508479118,0.07194388099014759,0.028429493308067322,0.03191978111863136,0.0,0.0,0.10766060836613178,0.1738998219370842,0.06451628543436527,0.19530550204217434,0.08198455534875393,0.22353318892419338,0.10601125285029411,0.2288811970502138,0.0923064835369587,0.22792459651827812,0.061054373160004616,0.25062539242208004,0.08034270256757736,0.271367521956563,0.10254236496984959,0.27601395547389984,0.08355745486915112,0.2827500756829977,0.06298097036778927,0.3012319914996624,0.08301299065351486,0.3178400956094265,0.10246075317263603,0.32296442054212093
58,0.19531005561351777,0.5198389914631844,0.1265800876915455,0.41146408587694167,0.07508809074759483,0.31802764981985093,0.03827273428440094,0.23051596850156783,0.0,0.13895208179950713,0.19220683336257935,0.28339794486761094,0.20343567907810212,0.16769418805837633,0.21272359877824784,0.07877388328313828,0.22927206218242646,0.0,0.27191072195768357,0.3014769533276558,0.3467628642916679,0.17062953859567642,0.39966474056243895,0.08210235148668289,0.44159954428672793,0.015455192029476166,0.3207214584946632,0.3186110743880272,0.39235887557268145,0.20248015850782394,0.436550087928772,0.11353429168462753,0.4733835154771805,0.04882873266935348,0.34809481889009475,0.3271408048272133,0.36556587904691695,0.23302087277173997,0.33917954564094543,0.20174610286951064,0.3191135337948799,0.1781633186340332
59,0.19189097625868662,0.19035772340638296,0.1695545847926821,0.09936578429880596,0.11782484962826684,0.04336457451184591,0.06485409254119509,0.03925909669626327,0.031231848966507686,0.06936057266734895,0.07339291132631756,0.0,0.015325505109060378,0.04973039882523673,0.0350655863682429,0.08368028700351715,0.06340049349126362,0.09242127551918938,0.05306113050097511,0.04643722091402326,0.002487524634315854,0.10895655694462004,0.027318574842952546,0.13888013008094968,0.056712109418142406,0.13757366722538358,0.04172905144237336,0.10567771678879148,3.669943128313337e-05,0.16443784960678645,0.028136771349679856,0.18867568529787518,0.05423768645241147,0.18046974000476657,0.03774889806906382,0.17060058741342454,0.010758104778471448,0.21511074900627136,0.04011912572951544,0.23216555161135538,0.06381407451061975,0.22406902128741854
6,0.0,0.4766732937097549,0.0807712236046791,0.46067762196063994,0.14460377782583236,0.4266179496049881,0.19844215899705886,0.38763718605041503,0.2316720575094223,0.33098608016967773,0.11125424295663834,0.29162274360656737,0.16456638485193253,0.267206524014473,0.20393078207969664,0.2747621411085129,0.23370275050401687,0.2948193258047104,0.09133871138095856,0.24956565946340561,0.1420048403739929,0.15214034408330918,0.17885909736156463,0.09524686932563782,0.21168741166591645,0.04436163485050201,0.06243492901325226,0.22688905715942384,0.09617874711751938,0.12161953508853912,0.125643966794014,0.05393538892269135,0.15044646352529525,0.0,0.025284720212221147,0.22398571878671647,0.03498174980282784,0.13296178579330445,0.04693608462810516,0.06763466358184815,0.058741347938776015,0.01270444244146347
60,0.3412836280465126,0.2021939605474472,0.3352598574757576,0.1065608423948288,0.29234938651323317,0.048356939554214474,0.2429540452361107,0.022956249713897706,0.20577096194028854,0.0,0.21002997368574142,0.06724335074424743,0.12334293693304062,0.038553026914596555,0.07636562317609787,0.027064510583877564,0.04288295418024063,0.021234594583511353,0.19104353994131087,0.12148836553096772,0.09708715230226517,0.08301927447319031,0.04254493862390518,0.06371242284774781,0.003921378254890442,0.047462341785430906,0.18394507437944413,0.18015773177146913,0.09224024325609208,0.14015895783901214,0.03874292939901352,0.11549951493740082,0.0,0.09485682666301727,0.1876276722550392,0.24315436363220214,0.11070889949798585,0.216346173286438,0.06670102596282959,0.19682928502559663,0.031113449037075042,0.17559387445449828
61,0.17713670015335084,0.2979177671670914,0.1906512486934662,0.18452010571956634,0.15434110879898072,0.10055188924074172,0.10149274826049805,0.06567822396755219,0.05843334674835205,0.06408402532339096,0.14644014537334443,0.08013050436973572,0.0752007383108139,0.00205075740814209,0.056480801105499266,0.00548798143863678,0.05481788337230682,0.020293312966823577,0.09810235738754272,0.1218715751171112,0.029647026658058167,0.029308075308799742,0.025299439430236815,0.02650604397058487,0.03195965588092804,0.041007259488105775,0.05961852967739105,0.16984174728393556,7.538795471191406e-05,0.07386073768138886,0.007331951260566711,0.06834977626800537,0.018318368196487425,0.08013625413179398,0.0363353681564331,0.2129443430900574,0.015127288699150086,0.13638282299041748,0.032695675492286684,0.12520354270935058,0.04897973597049713,0.12937210440635682
62,0.2752964895963669,0.4258414018154144,0.32178690493106843,0.3288803791999817,0.3115190559625626,0.24709292531013488,0.2716168791055679,0.1983783119916916,0.24002021729946135,0.16170255959033966,0.20590334951877595,0.18756051242351532,0.13388590693473815,0.09645447969436645,0.08897375762462616,0.04210852861404419,0.05317852437496185,0.0,0.1661977130174637,0.2301735156774521,0.09173678934574127,0.12676566779613496,0.04636139810085296,0.06053028017282486,0.013673178553581238,0.007759605944156647,0.137401362657547,0.28509019792079926,0.06810782372951507,0.18959031820297242,0.028218833804130553,0.12360714852809906,0.0,0.06747511118650436,0.11999099433422089,0.3499412995576858,0.061036263108253476,0.27420558452606203,0.029992107152938843,0.22430252015590668,0.006937383413314819,0.17609692215919495
63,0.3396238883336385,0.2609523485104243,0.27402867873509723,0.27896352112293243,0.18737363815307617,0.279368336002032,0.12258227666219075,0.3186493068933487,0.08155316114425659,0.3599027345577876,0.17254736026128134,0.039402931928634644,0.08428208033243816,0.1322480390469233,0.03543567657470703,0.2169503519932429,0.0,0.27794712285200757,0.22031094630559286,0.00139083464940389,0.116046408812205,0.1324544499317805,0.07911692063013713,0.2147983858982722,0.05210518836975098,0.25795457263787586,0.28033111492792767,0.004324113329251607,0.2080882986386617,0.14903814097245535,0.244307279586792,0.20661828418572745,0.2778019706408183,0.212046816945076,0.33871962626775104,0.031756396094957985,0.2831483284632365,0.14348634580771127,0.3017881512641907,0.19277246296405792,0.3274753491083781,0.19560293853282928
64,0.24892436067263285,0.3932401164372762,0.21146114309628805,0.264456414381663,0.16791739106178283,0.16553531010945638,0.12701155225435892,0.08202949086825052,0.12615944902102152,7.825533548990886e-05,0.04246714949607849,0.2186439077059428,0.0019367698828379313,0.26591119209925335,0.04047615965207418,0.2884298300743103,0.07341955463091532,0.28603157520294187,0.02932219942410787,0.3008048097292582,0.004251900513966878,0.3424282709757487,0.04028657714525859,0.3564333216349284,0.07767169753710429,0.3482074014345805,0.03452746431032817,0.38327475627263385,0.008592584530512492,0.4135930061340332,0.04198657711346944,0.42559948523839314,0.08005461970965068,0.41879653056462607,0.04491828481356303,0.45928478876749673,0.008012342850367228,0.47396674076716105,0.02914924661318461,0.48429343859354657,0.05689130187034607,0.4830353879928589
67,0.1199530317233159,0.4896599558683542,0.07525035051199105,0.33745479125242966,0.06418119944058932,0.19847527834085318,0.07679723317806537,0.09141053144748394,0.1082942531659053,0.0,0.154596929366772,0.18973445433836716,0.0068239569664001465,0.20184652163432196,0.0017355955564058744,0.26573546116168684,0.04152428645354051,0.27710057221926176,0.17327100038528442,0.2925348236010625,0.001437402688539945,0.3069817515519949,0.016885775786179762,0.3536559755985553,0.0644338635297922,0.3568187952041626,0.17318550439981314,0.3964066688831036,0.016149800557356615,0.40624258609918446,0.032090448416196383,0.44004390789912295,0.07807746300330529,0.4416940395648663,0.16451976390985343,0.495032209616441,0.046300026086660534,0.5041006803512573,0.05646815666785607,0.5147613011873685,0.09489629360345694,0.5117894044289222
68,0.4195133606592814,0.17889122565587362,0.3305931568145752,0.23582286437352498,0.2586188395818075,0.24377942482630413,0.20402905146280925,0.24382973114649456,0.18092089494069416,0.22266754309336345,0.21119844516118366,0.029214547077814738,0.11858531236648559,0.0674351970354716,0.05253434181213379,0.0873423973719279,0.0,0.09749937653541565,0.24225114583969115,0.0,0.16761103868484498,0.1466508706410726,0.2173227866490682,0.20278878609339396,0.24942959944407145,0.17918665409088136,0.279808509349823,0.014980707565943401,0.21554818948109944,0.17783952951431276,0.26087016661961876,0.2226701776186625,0.28772865136464437,0.19098561008771262,0.3180615226427714,0.06028985182444255,0.2722653349240621,0.20293130079905192,0.30671228567759196,0.2296807030836741,0.33258585929870604,0.19569371342658998
69,0.14644452929496765,0.3640555540720622,0.15845760703086853,0.2734471559524536,0.15966279556353888,0.1463474233945211,0.14852196723222733,0.057747205098470054,0.13584262629350027,0.007307728131612142,0.16894745330015817,0.20749781529108682,0.18695656955242157,0.13263054688771567,0.20649240662654242,0.10186868906021118,0.22757694373528162,0.06569006045659383,0.16746942202250162,0.22947639226913452,0.20538966357707977,0.14641135931015015,0.24059871335824332,0.1005124847094218,0.2762462298075358,0.0674134890238444,0.1605758716662725,0.2357740799585978,0.18264619509379068,0.14292011658350626,0.20789897938569388,0.08812451362609863,0.23334857573111853,0.044906059900919594,0.14618366956710815,0.23051337401072183,0.15049881239732107,0.13831979036331177,0.15918291608492532,0.0840233564376831,0.175737664103508,0.03746223449707031
7,0.0,0.07264680802822113,0.10010901093482971,0.00034182369709014895,0.19816749572753906,0.018512428998947145,0.2511322915554047,0.07577448666095733,0.2688607656955719,0.15003028452396394,0.27294069051742553,0.00246894896030426,0.39182493686676023,0.034017865657806394,0.46241146206855777,0.05266892611980438,0.520763510465622,0.0667781925201416,0.2655600023269653,0.06599857807159423,0.2973224461078644,0.17984298527240752,0.25329566955566407,0.19289577424526214,0.22584776759147643,0.1711882907152176,0.23502227783203125,0.1457094830274582,0.26910633087158203,0.2426205199956894,0.2302931249141693,0.2380780404806137,0.2027887761592865,0.20777373135089874,0.20033733129501344,0.21450052201747893,0.234573575258255,0.2990668088197708,0.2018534219264984,0.2934943741559982,0.1736599749326706,0.2638358920812607
70,0.0007535939688210959,0.30647466307158,0.02099249258146181,0.2556524260358496,0.05162365292454814,0.20501067055450692,0.07534225759925423,0.17340145563031292,0.09264926399503436,0.1475877637391562,0.05732975490800627,0.16558908138956344,0.10055615548249129,0.10824038071946783,0.12918125469606,0.05919479570545993,0.14900768916685503,0.01962500843372974,0.05842800127280937,0.16424530515303978,0.10072299674317077,0.0989020817227416,0.12991927547769233,0.04901381868582506,0.1556678348845178,0.000638230161352472,0.06654937909199642,0.1664451560476324,0.10692604033501593,0.09752503037452698,0.13439600415282196,0.04935094452166295,0.15792531364566678,0.0047638799462999615,0.08277495287276887,0.1782549390426049,0.11191935788144122,0.12114082489694868,0.1321674415043422,0.081625983610258,0.15097076224756764,0.04689634796027299
71,0.34379253823023576,0.316408443909425,0.223002824645776,0.3105501738878397,0.12481449544429779,0.23697817554840675,0.05715701557122744,0.17956852683654198,0.0,0.1283202194250547,0.13627922878815577,0.02881441666529729,0.045088927333171554,0.1081535151371589,0.09417452605871054,0.19708419533876273,0.13732248888565943,0.21578718836490923,0.18660194942584404,0.0015214177278371958,0.09073843061923981,0.11763967688267048,0.15062426259884468,0.21426639419335586,0.18962491360994485,0.2032442849415999,0.24683047601809868,0.0014087374393756574,0.15733696749577156,0.11249185754702641,0.20805372985509726,0.20661765107741722,0.24542258221369523,0.1912855987365429,0.3071697801351547,0.023862313765745897,0.23268290551809165,0.10340295617397015,0.2546508713410451,0.17619992448733404,0.2862093483026211,0.16631725430488586
72,0.43765806949432984,0.3060904454301905,0.47756970167895896,0.22048003511664307,0.4863693819001869,0.13989193939868313,0.4950375720674609,0.06431595190071765,0.5151209730057069,0.0,0.3111910122780152,0.1305610382998431,0.2298500859810982,0.08664341546871045,0.1739790353142185,0.07568413313524222,0.12080729688391273,0.07665752481531214,0.2536021951172087,0.1715112210791788,0.15339804302763055,0.12676517683782695,0.07860363100045993,0.11086474156674044,0.014931249581737282,0.1043225924173991,0.22150070707739136,0.2045284664189374,0.12537322055410455,0.16038184033499825,0.05846603840221593,0.14129880475409237,0.0017380337288350235,0.1281579835915271,0.20854614123150153,0.23150410917070177,0.13327122783219372,0.1932941601600176,0.07868640639899689,0.17333715786168605,0.03177633127312601,0.157181563200774
73,0.20901198650515357,0.20533172612966494,0.29466560621594273,0.12154198178025179,0.36109145228252854,0.0983712118725444,0.3985280588615772,0.09955008639845737,0.431405364080917,0.09296103896096695,0.2702857512374257,0.15068939258885938,0.26082642411076745,0.20465267952098404,0.22034082336481228,0.17647008147350576,0.16971122109612755,0.15092202951741773,0.219534155934356,0.2072959126428116,0.21588459056477213,0.24323226268901382,0.17661336688108223,0.19800548775251522,0.12644434668296992,0.17196684659913528,0.18175455026848372,0.24484381564827853,0.1826310435006785,0.2673013903373896,0.14981868100720783,0.22490243301835172,0.10764246278030928,0.19942445255989252,0.15448531023291653,0.2670471293981685,0.16094917474791062,0.277792819710665,0.13574767875116925,0.24566761560218278,0.09996867942255597,0.2241567109906396
74,0.0,0.4974275827407837,0.08925425757964452,0.46360524495442706,0.15587825328111649,0.3763014078140259,0.20337929079929987,0.30873405933380127,0.24906746298074722,0.25778263807296753,0.13633795827627182,0.2613253593444824,0.18251017481088638,0.16225416461626688,0.21178304900725684,0.09190134207407634,0.2325882390141487,0.031134565671284992,0.11036277065674464,0.251968910296758,0.15960782021284103,0.14612193902333578,0.1916606997450193,0.06813658277193706,0.21511648843685785,0.0,0.0836675042907397,0.25853384534517926,0.1355513110756874,0.15536694725354513,0.1680526559551557,0.08503425121307373,0.19354095806678137,0.02344873050848643,0.05804427216450373,0.2790494958559672,0.10107651104529698,0.20115252335866293,0.13213024785121283,0.1457308034102122,0.1594014341632525,0.09812296430269878
76,0.03577104128069348,0.377765996588601,0.0425611455683355,0.2770092255539364,0.07467923078823972,0.17480512846399238,0.1032017339710836,0.0854046157112828,0.1099033630280583,0.004245569308598836,0.1016191906399197,0.23279912217899604,0.1852327369981342,0.18726382818486956,0.23735949397087097,0.15377876548855393,0.27913514165966596,0.11997919998787067,0.11321003597091746,0.3076169358359443,0.20032782079996886,0.26631531671241476,0.25569642555934413,0.2275211066007614,0.29599084208408993,0.18722827842941991,0.11358061488027926,0.37651409595100965,0.18902339427559464,0.3528712535345996,0.23388142856182875,0.31801730504742376,0.26903666693855216,0.28222439576078345,0.10825998805187366,0.4345076757448691,0.1578141721310439,0.42852311333020526,0.18475730468829474,0.41481248758457323,0.20700146782177467,0.3967221611075931
77,0.3089461922645569,0.3884066194295883,0.2875102758407593,0.22785456478595734,0.2125225067138672,0.10660554468631744,0.12317156791687012,0.031222298741340637,0.0499613881111145,0.0,0.1983025074005127,0.16582529246807098,0.044107913970947266,0.127512589097023,0.008527398109436035,0.11652062833309174,0.014519453048706055,0.11628691852092743,0.17965984344482422,0.278358593583107,0.016296029090881348,0.23184649646282196,0.0,0.21382899582386017,0.02491772174835205,0.21112360060214996,0.16087555885314941,0.37359951436519623,0.011852145195007324,0.31886617839336395,0.0048160552978515625,0.2947062700986862,0.033268094062805176,0.29075784981250763,0.14741265773773193,0.4528565853834152,0.037572264671325684,0.4077337831258774,0.03323817253112793,0.37774758040905,0.055660367012023926,0.36928389966487885
78,0.05903177589178085,0.33901519015431403,0.14159460201859475,0.31222992911934855,0.21585572734475136,0.20773919507861138,0.21378934487700463,0.0922110541164875,0.19691942229866982,0.001264018416404724,0.2073617796599865,0.03854544535279274,0.2417606757581234,0.017029483020305634,0.220432795137167,0.12048987850546837,0.19240958407521247,0.15455475077033043,0.13693938359618188,0.0022075070440769197,0.15647109612822532,0.015320712029933929,0.14281196728348733,0.14745792284607886,0.13068881154060363,0.15018264457583427,0.06763311505317687,0.002697269916534424,0.07942324787378312,0.06218992576003075,0.08176256373524665,0.1797691936790943,0.07851075619459152,0.17622282043099402,0.0,0.02149295702576637,0.015791723281145097,0.08840672507882118,0.02912715032696724,0.16713911131024362,0.029542238414287568,0.16155138090252877
79,0.3121612006491357,0.19215869445067185,0.2935733251519256,0.09615132048889831,0.25341836895261494,0.034054035668844705,0.21119125433020539,0.01830378600529262,0.17753910068627243,0.023481866815587976,0.19246705777042514,0.0172832136625772,0.12171311791126545,0.00461994815658737,0.08210163096805195,0.006198447484236497,0.052849726035044745,0.012320054101419974,0.17359580476205427,0.06404276208563166,0.09778524722371783,0.03512723694790851,0.05771330293718275,0.02939920831512619,0.029858228924510243,0.032044761783474096,0.16334403117934426,0.1238748156107389,0.09070780021803719,0.0831347651534028,0.05191596556495834,0.068933938230787,0.023725675685065135,0.061046328518416855,0.16010261793712993,0.19531345170932812,0.10076296787995559,0.1572608980503711,0.06655585274591551,0.13582655165221666,0.03754444895209847,0.11865245640932859
8,0.0,0.06835996180772781,0.11278817683458328,0.010085243582725525,0.19078245431184768,0.030192252099514007,0.2492768171429634,0.0864666160941124,0.28625129610300065,0.14458573132753372,0.2589321354031563,0.0,0.3784138259291649,0.0660688704252243,0.4447436133027077,0.0921396341919899,0.49975871831178664,0.11547814786434174,0.25454400807619093,0.060648903250694275,0.38316775172948836,0.1300664007663727,0.4651946148276329,0.16234150737524033,0.5193176934123039,0.18051050156354903,0.22926298946142196,0.13306528598070144,0.2918236443400383,0.24572569102048875,0.2557727727293968,0.2531563660502434,0.22844902247190477,0.22959829717874528,0.18938761621713637,0.2043450352549553,0.24577770441770552,0.29314052253961564,0.21634121745824814,0.29049183160066605,0.1901332649588585,0.25705506056547167
80,0.3332817226648331,0.21505140006542206,0.3246922594308853,0.11514947533607484,0.27726481437683104,0.056505308747291566,0.22626340508461,0.029335452914237975,0.19210634171962737,0.0,0.19727832764387132,0.08205783665180207,0.11918388217687607,0.0486293351650238,0.07466796547174454,0.03439359486103058,0.04179192006587982,0.02695018470287323,0.17537677496671678,0.13979822993278504,0.09039240688085556,0.09889250338077545,0.04089922308921814,0.07777743577957154,0.005659050941467285,0.060745792984962466,0.16722277522087098,0.19842498064041136,0.08316839396953583,0.15836206555366517,0.035400724709033965,0.1317749434709549,0.0,0.11006369173526764,0.17084839731454848,0.25629576325416564,0.10093587458133697,0.24285176992416382,0.05842552751302719,0.23227046072483062,0.02307849794626236,0.2182766854763031
81,0.3692537248134613,0.317087071282523,0.3266999508653368,0.23514828511646815,0.24487991418157304,0.18546358602387564,0.17009270191192627,0.20747534717832292,0.13133102229663304,0.22369382636887686,0.2532454601355961,0.10560379283768791,0.145332647221429,0.05814279615879059,0.07795367070606776,0.028511511428015574,0.026612026350838796,0.0,0.26905267579214914,0.16259577444621495,0.13776023047310965,0.11682337948254176,0.05785975498812539,0.08121085166931152,0.0,0.04936769391809191,0.27966122542108807,0.24228388496807643,0.1479264966079167,0.2826648822852543,0.16546636394092015,0.3089304098061153,0.20015288250786917,0.30305233172007967,0.28646786298070637,0.3285263010433742,0.18025030408586776,0.3588070826871054,0.19745485271726335,0.3653384404523032,0.2323331151689802,0.35284680553845
82,0.08156008034944534,0.3771424663066864,0.024997186064720154,0.3317128354310989,0.019243378937244416,0.29423980832099916,0.011631396412849427,0.26296417832374575,0.010613869726657867,0.23953327357769014,0.10827140241861344,0.21184598982334138,0.04450494855642319,0.17777594536542893,0.013361166715621948,0.20416269272565843,0.0023039087653160097,0.24093695729970932,0.11747875601053238,0.20408591508865356,0.027923950254917146,0.18356882512569428,0.006004060506820679,0.23358952820301057,0.008446408808231354,0.2803710198402405,0.11604496091604233,0.19796219527721404,0.027162362039089203,0.17603763937950134,0.0019314274191856383,0.2276400625705719,0.0032625707983970644,0.2690585094690323,0.10203918665647507,0.1879435533285141,0.07530842810869216,0.10291258543729782,0.06462435156106949,0.05003577351570129,0.06142993062734604,0.0
9,0.0316790109872818,0.43460614860057833,0.11919479608535767,0.38600651383399964,0.1758381563425064,0.2948231428861618,0.1998802676796913,0.20310453534126283,0.17560943484306335,0.13802140116691589,0.1347034627199173,0.2300989806652069,0.15124817669391633,0.17336176097393036,0.14206668347120285,0.23582597434520722,0.13284222185611724,0.29280580997467043,0.09259342432022094,0.2173233163356781,0.10758235603570938,0.15568548709154129,0.10343914449214936,0.235072762966156,0.09981211006641388,0.30352381885051727,0.04781758666038513,0.20601013004779817,0.06111627578735351,0.1458956041932106,0.06823119521141052,0.22308878898620604,0.07256871819496155,0.29081754803657534,0.0,0.19809411883354186,0.01479141891002655,0.10864865243434906,0.02854954928159714,0.051944479048252105,0.04292658269405365,0.0
